name,sector,price,type,annualized_return,annualized_risk,country,currency,total_assets,total_liabilities,equity,longBusinessSummary,totalDebt,totalCapital,totalRetainedEarnings,grossMargin,operatingMargin,netMargin,currentRatio,quickRatio,cashRatio,debtToEquity,debtToCapital,debtToEV,peRatio,pegRatio,pbRatio,roe,roa,roic
RELIANCE INDS,Energy,3010,EQUITY,19.15201839,20.96612283,India,INR,1.75599E+13,8.30198E+12,9.25788E+12,"Reliance Industries Limited engages in hydrocarbon exploration and production, oil and chemicals, textile, retail, digital, material and composites, renewables, and financial services businesses worldwide. The company produces and markets petroleum products, such as liquefied petroleum gas, propylene, naphtha, gasoline, jet/aviation turbine fuel, kerosene oil, diesel, Sulphur, and petroleum coke. It also provides petrochemicals, including high-density and low-density polyethylene (PE), linear low density PE, polyester fibers and yarns, polypropylene, polyvinyl chloride, purified terephthalic acid, ethylene glycols and oxide, paraxylene, ortho xylene, benzene, linear alkyl benzene and paraffin, poly butadiene rubber, styrene butadiene rubber, butyl rubber, and polyethylene terephthalate. In addition, the company manufactures and markets yarns, fabrics, apparel, and auto furnishings; explores, develops, and produces crude oil and natural gas; and operates various stores comprising neighborhood, supermarket, hypermarket, wholesale cash and carry, specialty, online stores, as well as stores that offer apparel, beauty and cosmetics, accessories, footwear, consumer electronics, connectivity products, and others. Further, the company provides range of digital services under the Jio brand name; and non-banking financial and insurance broking services. Additionally, it operates news and entertainment platforms, and Network18 and television channels; publishes magazines; and offers highway hospitality and fleet management services. Reliance Industries Limited was incorporated in 1973 and is based in Mumbai, India.",3.46142E+12,N/A,N/A,0.34385,0.10859,0.0743,N/A,N/A,N/A,37.389,N/A,N/A,29.291552,N/A,2.5665448,N/A,N/A,N/A
TATA CONSULTANCY S,Technology,4364.4,EQUITY,30.82833931,19.98960384,India,INR,1.46449E+12,5.513E+11,9.1319E+11,"Tata Consultancy Services Limited provides information technology (IT) and IT enabled services in the Americas, Europe, India, and internationally. It operates through Banking, Financial Services and Insurance; Manufacturing; Consumer Business; Communication, Media and Technology; Life Sciences and Healthcare; and Others segments. The company provides TCS ADD, a suite of technology platforms for clinical research and drug development; TCS BaNCS, a financial services platform; TCS BFSI Platforms, a cloud-native, as-a-service that helps financial institutions and insurance firms; TCS CHROMA, a cloud-based workforce management solution; customer intelligence and insight solutions; TCS ERP on Cloud, a hosted ERP applications and services platform; TCS HOBS, a cloud-native catalog-centric platform for personalization of products and processes; and ignio, an autonomous enterprise software. It also offers TCS Intelligent Urban Exchange for smart cities and enterprises solution; TCS OmniStore, a retail commerce platform; TCS Optumera, a retail-connected strategic intelligence platform; TCS TAP, a procurement offering; TCS MasterCraft, a platform of intelligent automation products; Quartz- the Smart Ledgers, a blockchain solution; Jile, an enterprise agile planning and delivery tool; TCS iON, an IT-as-a-Service model that provides business solutions; and TCS TwinX, an enterprise digital twin platform. In addition, the company offers cloud, cognitive business, consulting, cybersecurity, data and analytics, enterprise solutions, Internet of Things and digital engineering, TCS interactive, and sustainability services. It serves banking; capital markets; consumer goods and distribution; communications, media, and information services; education; energy, resources, and utilities; healthcare; high technology; insurance; life sciences; manufacturing; public services; retail; and travel and logistics industries. The company was founded in 1968 and is based in Mumbai, India. Tata Consultancy Services Limited is a subsidiary of Tata Sons Private Limited.",88719998976,N/A,N/A,0.39889,0.24663,0.19201,2.459,2.306,N/A,9.538,N/A,N/A,33.88509,3.18,17.123486,0.5047,0.25104,N/A
HDFC BANK,Financial Services,1623.2,EQUITY,-0.377586296,21.12452267,India,INR,4.03019E+13,3.56042E+13,4.69779E+12,"HDFC Bank Limited engages in the provision of banking and financial services to individuals and businesses in India, Bahrain, Hong Kong, and Dubai. The company operates in three segments: Treasury, Retail Banking, Wholesale Banking, and Other Banking Services. It accepts savings, salary, current, rural, public provident fund, pension, and demat accounts; fixed and recurring deposits; and safe deposit lockers, as well as offshore accounts and deposits, and overdrafts against fixed deposits. The company also provides personal, home, car, two-wheeler, business, doctor, educational, gold, consumer, and rural loans; loans against properties, securities, mutual funds, rental receivables, and assets; loans for professionals; government sponsored programs; and loans on credit card, as well as working capital and commercial/construction equipment finance, healthcare/medical equipment and commercial vehicle finance, dealer finance, and term loans. In addition, it offers credit, debit, prepaid, and forex cards; payment and collection, export, import, remittance, bank guarantee, letter of credit, trade, hedging, and merchant and cash management services; insurance and investment products. Further, the company provides short term finance, bill discounting, structured finance, export credit, loan repayment, and documents collection services; online and wholesale, mobile, and phone banking services; unified payment interface, immediate payment, national electronic funds transfer, and real time gross settlement services; and channel financing, vendor financing, reimbursement account, money market, derivatives, employee trusts, cash surplus corporates, tax payment, and bankers to rights/public issue services, as well as financial solutions for supply chain partners and agricultural customers. It operates branches and automated teller machines in various cities/towns. The company was incorporated in 1994 and is headquartered in Mumbai, India.",6.73354E+12,N/A,N/A,N/A,0.32808,0.25594,N/A,N/A,N/A,N/A,N/A,N/A,18.46854,N/A,2.5934474,0.17677,0.021359999,N/A
INFOSYS LTD,Technology,1873.2,EQUITY,42.3356514,21.27868078,India,INR,16523000000,5918000000,10605000000,"Infosys Limited, together with its subsidiaries, provides consulting, technology, outsourcing, and next-generation digital services in North America, Europe, India, and internationally. It provides digital marketing and digital workplace, digital commerce, digital experience and interactions, metaverse, data analytics and AI, applied AI, generative AI, sustainability, blockchain, engineering, Internet of Things, enterprise agile DevOps, application modernization, cloud, digital process automation, digital supply chain, Microsoft business application and cloud business, service experience transformation, energy transition, cyber security, and quality engineering solutions; Oracle, SAP, and Saleforce solutions; API economy and microservices; and Topaz, an AI-first set of services, solutions, and platforms using generative AI technologies. The company's products and platforms include Finacle, a core banking solution; Edge suite of products; Panaya platform, Infosys Equinox, Infosys Helix, Infosys Applied AI, Infosys Cortex, and Stater digital platforms; and Infosys McCamish, an insurance platform. It serves aerospace and defense, agriculture, automotive, chemical manufacturing, communication, consumer packaged goods, education, engineering procurement and construction, healthcare, high technology, industrial manufacturing, information services and publishing, insurance, life science, logistics and distribution, media, entertainment, mining, oil and gas, private equity, professional, public, retail, travel, hospitality, utilities, and waste management industries. The company was formerly known as Infosys Technologies Limited and changed its name to Infosys Limited in June 2011. Infosys Limited was incorporated in 1981 and is headquartered in Bengaluru, India.",1002000000,N/A,N/A,0.29551,0.21086,0.17181998,1.893,1.419,N/A,10.017,N/A,N/A,29.091473,4.09,779.2013,0.33560002,0.14526,N/A
HINDUSTAN UNILEVER,Consumer Defensive,2699,EQUITY,7.448917945,18.37846854,India,INR,7.8499E+11,2.7076E+11,5.1423E+11,"Hindustan Unilever Limited, a fast-moving consumer good company, manufactures and sells food, home care, personal care, and refreshment products in India and internationally. The company operates through Home Care, Beauty & Personal Care, Foods & Refreshment, and Others segments. The Home Care segment engages in detergent bars and powders, detergent liquids, scourers, water business, purifiers business, etc. The Beauty & Personal Care segment provides oral, skin, and hair care products; and soaps, deodorants, talcum powder, color cosmetics, salon services, etc. The Foods & Refreshment segment provides culinary products, including tomato-based products, fruit-based products, soups, etc.; and tea, coffee, nutrition drinks, ice-cream, and frozen desserts. The Others segment engages in activities, such as export, consignment, etc. The company is also involved in the job work, real estate, and discharge trust businesses. The company was founded in 1888 and is headquartered in Mumbai, India.",14840000512,N/A,N/A,0.51932997,0.21742001,0.16636999,N/A,N/A,N/A,2.886,N/A,N/A,61.438652,N/A,12.381473,N/A,N/A,N/A
KOTAK MAHINDRA BAN,Financial Services,1781.7,EQUITY,-3.970992202,22.24118133,India,INR,7.67667E+12,6.37695E+12,1.29972E+12,"Kotak Mahindra Bank Limited provides a range of banking and financial services to corporate and individual customers in India. It operates through Treasury, BMU and Corporate Centre; Retail Banking; Corporate / Wholesale Banking; Digital Banking; Other Retail Banking; Vehicle Financing; Other Lending Activities; Broking; Advisory and Transactional Services; Asset Management; and Insurance segments. The company offers savings, current, and salary accounts; fixed, recurring, tax saving fixed, senior citizen, and fixed deposit products; home, personal, business, payday, gold, education, commercial vehicle, car, and crop loans, as well as loan against securities and properties; construction equipment, farm equipment, healthcare, trade and supply chain, and working capital finance solutions; and prepaid, credit, and debit cards. It also provides Investment products; life, term, health, car, and two wheeler insurance; payment services; trade services; business management and marketing, enterprise resource planning, supply chain and logistics, human resource, business travel, workspace management, taxation and legal, and healthcare/medical equipment services; cash management services, such as digital payments, physical collections, digital collections, and payment gateways; private banking services; net banking; and NRI services. Kotak Mahindra Bank Limited was incorporated in 1985 and is based in Mumbai, India.",7.51056E+11,N/A,N/A,N/A,0.34337002,0.30032,N/A,N/A,N/A,N/A,N/A,N/A,16.691961,N/A,2.725116,N/A,N/A,N/A
ICICI BANK,Financial Services,1218.25,EQUITY,24.93395717,19.70461905,India,INR,1.95849E+13,1.73731E+13,2.21185E+12,"ICICI Bank Limited provides various banking products and services in India and internationally. It operates through Retail Banking, Wholesale Banking, Treasury, Other Banking, Life Insurance, and Others segments. The company offers savings, salary, pension, current, and other accounts; and time, fixed, recurring, and security deposits services. It also provides home, car, two-wheeler, personal, gold, and commercial business loans, as well as loans against securities and other loans; business loans, including working capital finance, term loans, collateral free loans, loans without financials, finance for importers and exporters, and overdraft facilities, as well as loans for new entities and card swipes; and credit, debit, prepaid, travel, forex, and corporate cards. In addition, the company offers pockets wallet; fixed income products; investment products, such as mutual funds, gold monetization schemes, initial public offerings, and other online investment services; and agri and rural business, farmer finance, tractor loans, and micro banking services, as well as other services to agri corporates. Further, it provides portfolio management, trade, foreign exchange, locker, private and NRI banking, and cash management services; family wealth and demat accounts; commercial and investment banking, capital market, custodial, and institutional banking services; health, personal accident, fire, and motor insurance, as well as distributes general and life insurance products; and Internet, mobile, and phone banking services. Additionally, the company offers securities investment, broking, trading, and underwriting services; and merchant banking, trusteeship, housing finance, pension fund management, asset management, investment advisory, points of presence, and private equity/venture capital fund management services. ICICI Bank Limited was founded in 1955 and is headquartered in Mumbai, India.",2.06033E+12,N/A,N/A,N/A,0.37387002,0.26865,N/A,N/A,N/A,N/A,N/A,N/A,19.674582,1.03,3.1436844,0.18274,0.021370001,N/A
STATE BK OF INDIA,Financial Services,870.5,EQUITY,44.39414595,27.83478856,India,INR,6.73378E+13,6.30322E+13,4.30557E+12,"State Bank of India provides banking products and services to individuals, commercial enterprises, corporates, public bodies, and institutional customers in India and internationally. The company operates through Treasury, Corporate/Wholesale Banking, Retail Banking, Insurance Business, and Other Banking Business segments. It offers personal banking products and services, including current accounts, savings accounts, salary accounts, and fixed and recurring deposits; home, personal, auto, education, and gold loans, as well as loans against insurance policies, property, and securities; overdrafts; mutual funds, insurance, equity trading, portfolio investment schemes, remittance services; digital lending; and mobile, internet, and digital banking services. The company also provides corporate banking products and services comprising corporate accounts, working capital and project finance, deferred payment guarantees, corporate term loans, structured finance, dealer and channel financing, equipment leasing, loan syndication, construction equipment loans, financing Indian firms' overseas subsidiaries or JVs, and cash management, as well as trade and service products. In addition, it offers NRI services, including accounts and deposits, remittances, investments, and loans; agricultural banking services; supply chain finance, and deposits and transaction banking services for SME customers; and international banking services. Further, the company provides life and general insurance; estate planning services; and merchant banking, advisory, securities broking, business & management consultancy, trusteeship service, factoring, payment solution, asset management, investment management, credit cards, and custody and fund accounting services. The company was founded in 1806 and is headquartered in Mumbai, India.",6.39938E+12,N/A,N/A,N/A,0.31402,0.20507,N/A,N/A,N/A,N/A,N/A,N/A,11.586584,2.74,1.8722926,0.17334999,0.01096,N/A
BAJAJ FINANCE LTD,Financial Services,6825.4,EQUITY,-6.227460724,24.55998231,India,INR,3.75742E+12,2.99046E+12,7.66954E+11,"Bajaj Finance Limited operates as a deposit-taking non-banking financial company in India. The company offers consumer finance, which includes durable, lifestyle, digital product, EMI card, two and three wheeler, personal loan, loan against fixed deposit, extended warranty, home and gold loans, retail EMI, retailer finance, e-commerce, and co-branded credit card and wallets. It also provides SME finance; and loan against property and shares, lease rental discounting, business and professional loans, working capital loans, and developer and used car finance. In addition, the company offer commercial lending, such as short-term and flexible loan solutions; vendor financing including large value lease rental discounting, loans against securities, financial institution lending, light engineering and corporate finance, and warehouse financing; investment services in fixed deposit and mutual funds; and partnership and services comprising insurance services. Bajaj Finance Limited was formerly known as Bajaj Auto Finance Limited. The company was incorporated in 1987 and is based in Pune, India. Bajaj Finance Limited is a subsidiary of Bajaj Finserv Ltd.",2.34296E+12,N/A,N/A,0.93878996,0.60258,0.45286998,N/A,N/A,N/A,305.489,N/A,N/A,28.143658,N/A,5.4998794,N/A,N/A,N/A
ITC LTD,Consumer Defensive,493.8,EQUITY,9.825840081,18.47525271,India,INR,9.18262E+11,1.69362E+11,7.489E+11,"ITC Limited engages in the fast-moving consumer goods, hotels, paperboards and paper and packaging, agri, and information technology businesses in India and internationally. It primarily offers cigarettes and cigars; staples, spices, biscuits, confectionery and gums, snacks, noodles and pasta, beverages, dairy, ready to eat meals, chocolate, coffee, and frozen foods; personal care products; notebooks, pens and pencils, geometry boxes, erasers, sharpeners, rulers, wax and plastic crayons, sketch pens, and oil pastels; safety matches; and incense sticks under various brands. The company also operates hotels under the ITC Hotel, Mementos, Welcomhotel, Storii, Fortune, and WelcomHeritage brands; and Kaya Kalp spas. In addition, it offers virgin, recycled, coated barrier, cupstock base, liner, liquid packaging, anti-fungal, solid, and graphic boards, as well as specialty papers; overlay, surfacing/print base, barrier, and liner papers; plastic substitution products; and packaging products, such as carton board, flexible, tobacco, and green packaging products. Further, the company exports feed ingredients, food grains, marine products, processed fruits, coffee products, leaf tobacco products, and spices; and offers information technology services for the banking, financial services, consumer goods, manufacturing, travel, hospitality, and healthcare industries. Additionally, it provides property infrastructure and estate maintenance; engineering, procurement, and construction management; project management consultancy; cartooning and wrapping; conveyor; and business consulting, real estate development, and agro-forestry and other related services. The company also manages and operates golf courses; fabricates and assembles machinery for tube filling; and produces and commercializes seed potato technology products. ITC Limited was incorporated in 1910 and is headquartered in Kolkata, India.",3037299968,N/A,N/A,0.60236,0.34085,0.28864,3,1.848,N/A,0.406,N/A,N/A,30.164934,3.09,8.274267,0.28736,0.1715,N/A
AXIS BANK,Financial Services,1162.15,EQUITY,22.72050547,24.22200701,India,INR,1.51824E+13,1.36072E+13,1.57523E+12,"Axis Bank Limited, together with its subsidiaries, engages in the provision of various banking and financial products and services. It operates through four segments: Treasury, Retail Banking, Corporate/Wholesale Banking, and Other Banking Business. The Treasury segment is involved in investments in sovereign and corporate debt, and equity and mutual funds, as well as in trading operations, derivative trading, and foreign exchange operations. The Retail Banking segment engages in the provision of lending services to individuals/small businesses; liability products; card services, including credit, debit, and forex cards; internet banking, mobile banking, and ATM services; retail term deposits; financial advisory services; NRI and digital banking services; bill payment and wealth management services; and distribution of third-party product, such as life and non-life insurance, mutual funds, government bonds, etc. The Corporate/Wholesale Banking segment offers business lending, corporate advisory, placements and syndication, project appraisals, current and corporate term deposits, payments, trade finance products, letter of credits, bank guarantees, commercial cards, cash management, project appraisals, and capital market related services. The Other Banking Business segment is involved in para banking activities. It also engages in investments, broking, asset management, and trustee service and payment activities; operation of MSME digital invoice discounting platform; and government small saving schemes and pension schemes. The company operates multiple branches; ATMs; and recyclers in India. It also has international offices with branches in Singapore and Dubai, and representative offices in Dhaka, Dubai, Abu Dhabi, and Sharjah. The company was formerly known as UTI Bank Limited and changed its name to Axis Bank Limited in July 2007. Axis Bank Limited was incorporated in 1993 and is headquartered in Mumbai, India.",2.24037E+12,N/A,N/A,N/A,0.4689,0.41144,N/A,N/A,N/A,N/A,N/A,N/A,13.513372,N/A,2.1761355,0.17775999,0.01887,N/A
LARSEN & TOUBRO,Industrials,3792.15,EQUITY,45.88902349,26.51300794,India,INR,3.39627E+12,2.37078E+12,1.0255E+12,"Larsen & Toubro Limited engages in engineering, construction, and manufacturing operations in India and internationally. The Infrastructure Projects segment is involved in the engineering and construction of building and factories, transportation infrastructure, heavy civil infrastructure, power transmission and distribution, water and effluent treatment, and minerals, and metals. The Energy Projects segment provides front-end design, modular fabrication, procurement, project management, construction, installation, and commissioning services for the oil and gas industry; coal-based and gas-based thermal power plants, including power generation equipment with associated systems and balance-of-plant packages; and engineering, procurement, and construction solutions in green energy space. The Hi-Tech Manufacturing segment designs, manufactures/constructs, supplies, and revamps/retrofits engineered critical equipment and systems for the process plants, nuclear energy, and green hydrogen sectors; marine and land platforms, and related equipment and systems, as well as aerospace products and systems, and precision and electronics products and systems for defense, security, space, and industrial sectors; and electrolysers. The IT & Technology Services segment offers information technology and integrated engineering services, e-commerce/digital platforms and data centres, and semiconductor chip design solutions. The Financial Services segment provides retail and wholesale financing services. The Development Projects segment develops, operates, and maintains infrastructure projects; and engages in toll and fare collection, as well as power generation and development activities. The Others segment manufactures and sells industrial valves and rubber processing machinery; manufactures, markets and services construction equipment and parts; and markets and services mining machinery and parts. Larsen & Toubro Limited was founded in 1938 and is headquartered in Mumbai, India.",1.16322E+12,N/A,N/A,0.37112,0.09882,0.0575,N/A,N/A,N/A,113.43,N/A,N/A,39.394867,N/A,6.0363503,N/A,N/A,N/A
MARUTI SUZUKI IND,Consumer Cyclical,12909,EQUITY,33.91909708,20.36997031,India,INR,1.15353E+12,2.9717E+11,8.5636E+11,"Maruti Suzuki India Limited manufactures, purchases, and sells motor vehicles, components, and spare parts primarily in India. The company offers passenger vehicles, utility vehicles, and multi-purpose vehicles. It is also involved in the facilitation of pre-owned car sales, fleet management, and car financing activities. In addition, the company offers driving school, accessories, insurance, and financing products and services. It also exports its products to Chile, Ivory Coast, Saudi Arabia, Ethiopia, South Africa, and internationally. The company was formerly known as Maruti Udyog Limited and changed its name to Maruti Suzuki India Limited in September 2007. The company was incorporated in 1981 and is headquartered in New Delhi, India. Maruti Suzuki India Limited is a subsidiary of Suzuki Motor Corporation.",1186000000,N/A,N/A,0.29873,0.101969995,0.09508,0.872,0.437,N/A,0.138,N/A,N/A,30.129536,0.97,4.7393227,0.18298,0.082959995,N/A
TATA MOTORS LTD.,Consumer Cyclical,1151.35,EQUITY,82.72853556,26.17986998,India,INR,3.70664E+12,2.7757E+12,9.30939E+11,"Tata Motors Limited designs, develops, manufactures, and sells various automotive vehicles. The company offers passenger cars; sports utility vehicles; intermediate and light commercial vehicles; small, medium, and heavy commercial vehicles; defense vehicles; pickups, wingers, buses, vans, and trucks; and electric vehicles, as well as related spare parts and accessories. It also manufactures engines for industrial applications, and aggregates comprising axles and transmissions for commercial vehicles; and factory automation equipment, as well as provides information technology and vehicle financing services. The company offers its products under the Tata, Daewoo, Harrier, Safari, Fiat, Nexon, Altroz, Punch, Tiago, Tigor, Jaguar, and Land Rover brands. It operates in India, China, the United States, the United Kingdom, rest of Europe, and internationally. It offers its products to fleet owners, transporters, government agencies, defense, public transport utilities, small and medium enterprises (SMEs), agriculture and rural segment, mining and construction industry, etc. The company was incorporated in 1945 and is headquartered in Mumbai, India.",1.12044E+12,N/A,N/A,0.43827,0.06937,0.0717,0.97,0.62,N/A,117.15,N/A,N/A,14.070023,N/A,5.1959043,0.42200002,0.06245,N/A
SUN PHARMACEUTICAL,Healthcare,1697.4,EQUITY,51.76843381,18.70246923,India,INR,8.54629E+11,1.83569E+11,6.7106E+11,"Sun Pharmaceutical Industries Limited, a generic pharmaceutical company, develops, manufactures, and markets branded and generic formulations and active pharmaceutical ingredients (APIs) in India and internationally. The company offers formulations in various therapeutic areas, including central nervous system, dermatology, cardiology, oncology, neuropsychiatry, gastroenterology, anti-infectives, diabetology, pain/analgesics, vitamins/minerals/nutrients, respiratory, gynaecology, urology, ophthalmology, orthopaedic, nephrology, dental, and other areas. It provides APIs for anti-cancers, peptides, steroids, hormones, and immunosuppressant drugs. In addition, the company offers generic medications, such as tablets, capsules, injectables, inhalers, ointments, creams, and liquids; speciality medications, and antiretrovirals medications, as well as over-the-counter products. The company was founded in 1983 and is headquartered in Mumbai, India.",32736700416,N/A,N/A,0.76405996,0.21121,0.19746,2.56,1.823,N/A,4.878,N/A,N/A,42.45623,0.83,6.3967867,0.15203,0.07912,N/A
YES BANK,Financial Services,26.72,EQUITY,60.01017369,47.21360142,India,INR,4.06362E+12,3.64206E+12,4.21552E+11,"Yes Bank Limited engages in the provision of banking and financial products and services primarily in India. It operates through Treasury, Corporate/Wholesale Banking, Retail Banking, and Other Banking Operations segments. The company provides retail banking products, including savings accounts; fixed and recurring deposits; home, car, bike, commercial vehicle, construction equipment, gold, personal, mortgage, and secured business loans; loans against securities; and health care and printing equipment finance, as well as business banking services to micro, small, and medium enterprises. It offers corporate banking services, such as working capital, project, supply chain, agri commodity, and trade finance, as well as term loans; and cash management services, debt capital markets, treasury, investment banking solution, foreign currency loans and overseas financing, liquidity management, and other services. In addition, the company offers financial and advisory services to ministries under the union and state governments, central and state public sector undertakings, boards, and other affiliates; and banking solutions to cooperative banks, mutual funds, stockbrokers, non-banking finance companies (NBFCs), payment aggregators, regulated payment operators, non-resident Indians, and other financial institutions. Further, it provides debit and credit cards, wealth management and insurance products, and mobile and online banking services; transaction banking services; mergers and acquisition advisory; merchant acquiring; and remittance solutions, as well as operates ATMs and bunch note acceptors/recyclers. The company was incorporated in 2003 and is headquartered in Mumbai, India.",8.06243E+11,N/A,N/A,N/A,0.20932,0.121020004,N/A,N/A,N/A,N/A,N/A,N/A,54.53061,1.38,1.7757692,0.03351,0.0038,N/A
WIPRO LTD,Technology,520.85,EQUITY,29.93915557,26.68380628,India,INR,1.15246E+12,4.01236E+11,7.51223E+11,"Wipro Limited operates as an information technology (IT), consulting, and business process services company worldwide. It operates through IT Services and IT Products segments. The IT Services segment offers IT and IT-enabled services, including digital strategy advisory, customer-centric design, technology and IT consulting, custom application design, development, re-engineering and maintenance, systems integration, package implementation, cloud and infrastructure, business process, cloud, mobility and analytics, research and development, and hardware and software design services to enterprises. It serves customers in various industry sectors, such as communications, retail connectivity and services, consumer goods, healthcare, technology products and platforms, banking and financial services, energy, manufacturing and resources, capital markets and insurance, and hi-tech. The IT Products segment provides a range of third-party IT products comprising enterprise platforms, networking solutions, software and data storage products, contact center infrastructure, enterprise security, IT optimization technologies, video solutions, and end-user computing solutions. It serves enterprises in various industries primarily in the Indian market, which comprise the government, defense, IT and IT-enabled services, telecommunications, manufacturing, utilities, education, and financial services sectors. The company was incorporated in 1945 and is based in Bengaluru, India.",1.68906E+11,N/A,N/A,0.29855,0.16516,0.12575,2.705,2.566,N/A,21.606,N/A,N/A,24.338785,1.68,3.488076,0.1552,0.07333,N/A
BHARTI AIRTEL LTD,Communication Services,1478.1,EQUITY,69.63747274,21.49506533,India,INR,4.44531E+12,3.38967E+12,1.05564E+12,"Bharti Airtel Limited operates as a telecommunications company in India and internationally. It operates through Mobile Services India, Mobile Services Africa, Mobile Services South Asia, Airtel Business, Tower Infrastructure Services, Homes Services, Digital TV Services, and Others segments. The company engages in provision of voice and data telecom services through wireless technology including 2G/3G/4G/5G services; and operates as a single point of contact for telecommunication across data and voice, network integration, and managed services. It also provides services related to setting up, operation, and maintenance of wireless communication towers; and voice and data communications services through fixed-line network and broadband technology for homes, as well as offers digital broadcasting services under the DTH platform. In addition, the company offers post-paid, prepaid, roaming, internet, and various value-added services, as well as mobile TV, video calls, live-streaming videos, gaming, video streaming, and other services; and network integration, data centers, managed services, enterprise mobility applications and digital media services. The company was formerly known as Bharti Tele-Ventures Limited and changed its name to Bharti Airtel Limited in April 2006. Bharti Airtel Limited was incorporated in 1995 and is headquartered in New Delhi, India.",2.15592E+12,N/A,N/A,0.63398,0.24707001,0.049790002,0.42,0.154,N/A,204.229,N/A,N/A,116.02041,N/A,10.892972,0.08073,0.05436,N/A
TITAN COMPANY LTD,Consumer Cyclical,3463.4,EQUITY,16.22159349,22.12898949,India,INR,3.155E+11,2.2157E+11,93930000000,"Titan Company Limited, together with its subsidiaries, manufactures and sells watches, jewelry, eyewear, and other accessories and products in India and internationally. It operates through four segments: Watches and Wearables, Jewellery, Eyecare, and Others. The company designs, manufactures, and retails watches and wearables under the Nebula by Titan, Xylys, Edge by Titan, Raga by Titan, Titan, Fastrack, Vyb by Fastrack, Sonata, POZE Sonata, ZOOP by Titan, Titan Clocks, Octane Titan, Fastrack Smart, Titan Smart, SF, Titan World, and Helios brands; jewelry products under the Mia by Tanishq, CaratLane, Tanishq, and Zoya brand names; and eyecare products under the Titan EyePlus and Fastrack Eyecare brands. It also offers sarees, dress materials, and ready-to-wear kurtas under the Taneira brand; perfumes under the SKINN by Titan brand name; belts and wallets under the TITAN brand; and bags under the Fastrack and IRTH brand names. In addition, it provides manufacturing services and automation solutions for aerospace, defense, transportation, electrical and electronics, and medical sectors. It offers its products through owned and franchised retail stores, as well as online. The company was formerly known as Titan Industries Limited and changed its name to Titan Company Limited in August 2013. Titan Company Limited was incorporated in 1984 and is based in Bengaluru, India.",1.5528E+11,N/A,N/A,0.22702,0.08316,0.06844,1.549,0.245,N/A,165.315,N/A,N/A,88.28448,4.34,32.73442,0.32831,0.100600004,N/A
UPL LIMITED,Basic Materials,570.55,EQUITY,-7.39496267,28.86884221,India,INR,8.7546E+11,5.484E+11,3.2706E+11,"UPL Limited engages in the provision of sustainable agriculture products and solutions in India and internationally. It operates through three segments: Crop protection, Seeds business, and Non-Agro. The company offers grain, forage sorghum, corn, canola, sunflower, and vegetables. It also provides herbicides; fungicides; insecticides and acaricides; seed treatment products; adjuvants; and ProNutiva, a solution for crop protection. In addition, the company offers plant stress and stimulation solutions; post-harvest products including coatings, cleaners, sanitizers, growth regulators, and antiscald; soil and water technologies; and farmer advisory and education services. Further, it produces and sells industrial chemicals, chemical intermediates, speciality chemicals, and non agricultural related products. The company was formerly known as United Phosphorus Limited and changed its name to UPL Limited in October 2013. UPL Limited was founded in 1969 and is headquartered in Mumbai, India.",2.9754E+11,N/A,N/A,0.43167,0.08084,-0.02784,1.464,0.858,N/A,90.974,N/A,N/A,N/A,1.13,1.7691966,-0.05513,0.01953,N/A
OIL & NATURAL GAS,Energy,335.15,EQUITY,102.8799845,34.44012737,India,INR,7.10193E+12,3.45102E+12,3.65091E+12,"Oil and Natural Gas Corporation Limited explores for, develops, and produces crude oil and natural gas in India and internationally. It operates through two segments, Exploration and Production, and Refining & Marketing. The company also engages in the refining and marketing of petroleum products; transportation of oil and natural gas; and production of liquefied petroleum gas, naphtha, ethane/propane, butane, kerosene oil, low sulphur heavy stock, aviation turbine fuel, mineral turpentine oil, carbon credits, and diesel. In addition, it generates wind power through a total installed capacity of 153 MW; and solar power through a total installed capacity of 36.52 MW, as well as generates geothermal power. The company was incorporated in 1993 and is based in New Delhi, India.",1.53181E+12,N/A,N/A,0.37893,0.09212,0.07655,0.881,0.409,N/A,41.957,N/A,N/A,8.567229,-4.57,1.251531,0.17139,0.06989,N/A
BAJAJ FINSERV LTD,Financial Services,1640.5,EQUITY,2.794973866,21.04454314,India,INR,5.3793E+12,4.34154E+12,1.03776E+12,"Bajaj Finserv Ltd., through its subsidiaries, engages in the provision of financial services in India. The company operates through Life Insurance, General Insurance, Windpower, Retail Financing, and Investments and Others segments. It offers personal, business, home, home renovation, commercial, car, and gold loans; two- and three-wheeler loans; mortgages; education loans; unsecured and secured loans to small and medium-sized enterprises, micro, small and medium enterprises, and professionals; loans against properties and securities; financing for products, such as consumer electronics, digital, lifecare, furniture, etc.; developer financing; and lease rental discounting products. The company also provides investment products, including fixed deposits, systematic deposit plans, and mutual funds; savings products; life, health, motor, fire, engineering, liabilities, marine, crop, car, two-wheeler, pet, home, travel, and personal accident insurance products; wealth management and retirement planning services; healthcare services comprising wellness, outpatient, and inpatient services; and wallets and credit cards. In addition, it offers pocket subscription plans; bill and recharge services; digital technology services; and trading and demat account, stock broking, margin trading, and HNI and retail broking services. Further, the company owns and operates 138 windmills with total installed capacity of 65.2 megawatts. Bajaj Finserv Ltd. was incorporated in 2007 and is based in Pune, India.",2.28784E+12,N/A,N/A,0.50356996,0.37357,0.07123,N/A,N/A,N/A,220.46,N/A,N/A,31.602774,1.78,4.334867,N/A,N/A,N/A
ADANI PORT SPECIAL,Industrials,1552,EQUITY,104.9991825,40.72166614,India,INR,1.18918E+12,6.43749E+11,5.4543E+11,"Adani Ports and Special Economic Zone Limited, together with its subsidiaries, operates and maintains port infrastructure facilities in India. The company operates ports and terminals, including bulk and break bulk, container, liquid, LPG, LNG, and crude cargos. It also engages in the ports related infrastructure development activities; and development of infrastructure at contiguous Special Economic Zone at Mundra. In addition, it offers logistic services, which includes logistic parks, container rail and bulk cargo logistic solutions, and warehousing, as well as auto, road, and agriculture logistic services. Further, the company operates a fleet of dredging and reclamation service equipment comprising cutter suction, trailing suction hopper, grab, inland cutter suction, water injection, and specialized dredgers, as well as split hopper and jack up barges, and floating cranes. Additionally, it offers non-scheduled passenger airline; hospital and related services; and marine services, such as pilotage, laying, and maintenance of buoys. The company also engages in development, construction, operation, and maintenance of railway corridors; and land development activities. The company was incorporated in 1998 and is headquartered in Ahmedabad, India.",4.93037E+11,N/A,N/A,0.65612,0.45204,0.30365,1.061,0.557,N/A,90.394,N/A,N/A,39.142494,1.03,6.3521166,0.16871999,0.06434,N/A
SBI LIFE INSURANCE,Financial Services,1724.8,EQUITY,36.09050347,22.66209373,India,INR,3.98299E+12,3.8339E+12,1.49086E+11,"SBI Life Insurance Company Limited operates as a private life insurance company in India. The company's life insurance business comprises of individual life and group business, including participating, non-participating, pension, group gratuity, group leave encashment, group superannuation, group immediate annuity, unit-linked and variable insurance products, health, and micro insurance. It provides accident and disability benefit, level term, and critical illness insurance products. The company offers its products through a multi-channel distribution network comprising individual agents, brokers, corporate agents, banca partners, as well as certified insurance facilitators. It operates various partner branches. The company was incorporated in 2000 and is based in Mumbai, India. SBI Life Insurance Company Limited operates as a subsidiary of State Bank of India.",N/A,N/A,N/A,0.05407,0.01722,0.01464,1.7,0.567,N/A,N/A,N/A,N/A,85.13327,9.25,11.087754,0.13964,0.0037,N/A
HINDALCO INDS,Basic Materials,669.75,EQUITY,47.53510745,29.98996559,India,INR,2.31907E+12,1.2575E+12,1.06157E+12,"Hindalco Industries Limited, together with its subsidiaries, produces and sells aluminum and copper products in India and internationally. The company operates through Novelis, Aluminium Upstream, Aluminium Downstream, and Copper segments. It offers fine and reactive alumina; primary aluminum in the form of ingots, billets, and wire rods; aluminum flat rolled products (FRP), including sheets, stocks, plates, coils, and circles; aluminum extrusions; and aluminum foil and packaging solutions for use in the automotive and transport, building and construction, aerospace and defense, electrical and electronics, pharmaceuticals and packaging, consumer durables and kitchenware, and white goods industries, as well as industrial applications. The company also provides coarse alumina hydrate for use in alum, poly aluminum chloride, zeolites, aluminum fluoride, sodium aluminate, glass, catalysts, and aluminum hydroxide gel; fine alumina hydrates; and calcined alumina for use in ceramics, refractories, polishing, and flame retardants. In addition, it offers copper products, including copper cathodes and continuous cast copper rods that are used in the agrochemical, automotive and transport, consumer durable, electrical equipment, railway, wire and cable, and electric vehicle and renewables industries; and precious metals comprising gold and silver bars, as well as selenium powder. Further, the company operates an all-weather jetty in the Gulf of Khambhat on the west coast of India; produces di-ammonium phosphate and nitrogen phosphorus potassium complexes; and offers phosphoric acid, phosphogypsum, sulfuric acid, copper slag, and aluminum fluoride. It offers its aluminum extrusion products under the Hindalco extrusions, Maxloader, Eternia, and Totalis brands; aluminum FRP under the Everlast brand; aluminum foils under the Freshwrapp and Superwrap brands; and copper products under the Birla Balwan brand. The company was incorporated in 1958 and is based in Mumbai, India.",6.0831E+11,N/A,N/A,0.31316,0.0861,0.047020003,1.387,0.577,N/A,57.303,N/A,N/A,14.6617775,N/A,1.4014702,0.10106,0.045760002,N/A
GRASIM INDUSTRIES,Basic Materials,2775.45,EQUITY,53.5706037,21.6371456,India,INR,4.12539E+12,2.73601E+12,1.38938E+12,"Grasim Industries Limited, together with its subsidiaries, primarily operates in fibre, yarn, pulp, chemicals, textile, fertilizers, and insulators businesses in India and internationally. The company operates through Cellulosic Fibres, Chemicals, Building Materials, Financial Services, and Others segments. The Cellulosic Fibres segments offers cellulosic staple fibre; and cellulosic fashion yarn. The Chemicals segment provides chlor-alkali comprising caustic soda; chlorine derivatives, such as chloromethanes and phosphoric acid; and specialty chemicals, that include epoxy polymers and curing agents. The Building Materials segment offers grey cement, white cement-based putty, and ready-mix concrete; and decorative paints comprising interior and exterior water- based paints, enamel paints, wood finishes, waterproofing solutions, and wallpapers under the Birla Opus brand name. This segment also provides painting services under the PaintCraft brand name; and operates Birla Pivot, a business-to-business e-commerce platform for building and construction materials, as well as credit solutions. The Financial Services segment offers non-banking financial services, housing finance, asset management, and health and life insurance, protection, investments, advisory, and value-added services. The Others segment provides textile products, such as linen fabrics, wool tops and worsted yarn, and cotton fabrics under Linen Club, Cavallo, Soktas, and Giza House brands; manufactures and sells ceramic and composite insulators for transmission and distribution lines, sub-stations, power equipment, and railway electrification industries; and engages in the generation of electricity of 894 MW capacity through 42 project comprising solar panels, wind turbines, solar-wind hybrids, and floating solar systems. The company was incorporated in 1947 and is based in Mumbai, India.",1.39077E+12,N/A,N/A,0.58447,0.17417,0.042940002,0.935,0.345,N/A,100.1,N/A,N/A,32.60249,1.58,2.123966,0.07581,0.037019998,N/A
TATA CONSUMER PRODUCT LTD,Consumer Defensive,1177.5,EQUITY,39.43880157,22.34939213,India,INR,2.80209E+11,1.05848E+11,1.74361E+11,"Tata Consumer Products Limited, together with its subsidiaries, produces, distributes, and trades in food products in India, the United States, the United Kingdom, and internationally. It operates through Branded Business and Non Branded Business segments. The company provides tea, coffee products, salt, mineral water, food ingredients, sweeteners, ready to cook and ready to eat options, breakfast cereals, snacks, mini meals, pulses, spices, sauces, chutney, pasta masala, ginger garlic paste, and dry fruits. It also offers health supplements; plant-based meat variants, including nuggets, burger patty, awadhi seekh kebab, and spicy fingers; honey and preserves; Chinese food products; glucose-based ready-to-serve drink; juices; and instant beverages. The company offers its products primarily under the Tata Tea, Tetley, 1868 by Tata Tea, Organic India, Tata Coffee Grand, Tata Coffee Gold, Tata Coffee Quick Filter, Sonnets by Tata Coffee, Tata Salt, Tata Sampann, Smith & Jones, Tata Sampann Yumside, Tata Soulfull, Himalayan honey and preserves, Ching's Secret, Tata Simply Better, Tata GoFit, Himalayan water, Tata Copper+, Tata Gluco+, Tata Fruski, Good Earth, Teapigs, Eight O'Clock, Tata Raasa, Joyfull Millets, Ching's Secret, Vitax, Laager, and Tea4Kidz brands. Tata Consumer Products Limited was formerly known as Tata Global Beverages Limited and changed its name to Tata Consumer Products Limited in February 2020. The company was incorporated in 1962 and is headquartered in Mumbai, India.",34772201472,N/A,N/A,0.42764,0.12853,0.07565,1.2,0.654,N/A,19.943,N/A,N/A,97.07337,3.72,6.987467,0.07033,0.046669997,N/A
ADANI GREEN ENERGY,Utilities,1821.05,EQUITY,69.37430059,51.54672964,India,INR,8.8538E+11,7.109E+11,1.7448E+11,"Adani Green Energy Limited generates and supplies renewable energy to central and state government entities, and government backed corporations in India. The company develops, builds, owns, operates, and maintains power plants through renewable sources, such as solar, wind, and hybrid. It operates solar power plants with an operational capacity of 7,393 megawatts (MW); wind power plants with an operational capacity of 1,401 MW; and hybrid power plants with an operational capacity of 2,140 MW. Adani Green Energy Limited was incorporated in 2015 and is headquartered in Ahmedabad, India.",6.4858E+11,N/A,N/A,0.83895,0.64467,0.12344,N/A,N/A,N/A,371.722,N/A,N/A,260.89542,N/A,29.33298,N/A,N/A,N/A
NTPC LTD,Utilities,414.2,EQUITY,100.4818108,31.69042232,India,INR,4.80197E+12,3.15074E+12,1.65122E+12,"NTPC Limited generates and sells bulk power to state power utilities in India. It operates through two segments: Generation of Energy and Others. The company generates power from coal, gas, liquid fuel, hydro, solar, nuclear, wind, thermal, and renewable energy sources. It offers consultancy, project management, and supervision services. In addition, the company is involved in the energy trading, oil and gas exploration, and coal mining activities. Further, the company sells electricity to private DISCOMs operating in various states. NTPC Limited was incorporated in 1975 and is headquartered in New Delhi, India.",2.37131E+12,N/A,N/A,0.41534,0.20222999,0.116409995,N/A,N/A,N/A,143.609,N/A,N/A,19.546957,-12.16,2.499819,N/A,N/A,N/A
HDFC LIFE INSURANC,Financial Services,697.05,EQUITY,8.404521408,21.86345393,India,INR,3.02687E+12,2.88021E+12,1.46664E+11,"HDFC Life Insurance Company Limited provides individual and group insurance solutions in India. It offers insurance and investment products, such as protection, pension, savings, investment, annuity, and health, as well as term, retirement, children, and unit linked insurance plans. The company was formerly known as HDFC Standard Life Insurance Company Limited changed its name to HDFC Life Insurance Company Limited in January 2019. HDFC Life Insurance Company Limited was incorporated in 2000 and is headquartered in Mumbai, India. HDFC Life Insurance Company Limited is a subsidiary of HDFC Bank Limited.",9500000256,N/A,N/A,0.07659,0.014839999,0.015520001,0.834,0.066,N/A,6.189,N/A,N/A,91.7171,N/A,9.753589,0.11547,N/A,N/A
POWER GRID CORP,Utilities,345.8,EQUITY,86.79395086,30.61291003,India,INR,2.50891E+12,1.63745E+12,8.71451E+11,"Power Grid Corporation of India Limited, an electric power transmission utility, engages in the transmission of power in India. It operates in three segments: Transmission Services, Telecom Services, and Consultancy Services. As of July 31, 2023, the company owned and operated 1,76,109 circuit kms of transmission lines, as well as 275 substations with transformation capacity of 5,12,001 mega volt ampere. It provides consultancy services, including power system planning and techno-economic feasibility studies; environmental and social impact assessment; design and engineering; procurement assistance; project management and construction supervision; asset management; and other services, such as owners' and lenders' engineer service; grid code and tariff mechanisms preparation; legal and technical advisory; and market analysis advisory services, as well as renewable energy certificate mechanism implementation. The company offers its consultancy services. In addition, it provides overhead optic fiber network services using optical ground wire on power transmission lines under the POWERTEL brand name; and operates EV charging stations. The company was formerly known as National Power Transmission Corporation Limited and changed its name to Power Grid Corporation of India Limited in October 1992. Power Grid Corporation of India Limited was incorporated in 1989 and is based in Gurugram, India.",1.27083E+12,N/A,N/A,1,0.58168,0.34278,N/A,N/A,N/A,145.829,N/A,N/A,20.116344,0.65,3.6902652,N/A,N/A,N/A
MAHINDRA &MAHINDRA,Consumer Cyclical,2922.75,EQUITY,104.1497154,29.00205447,India,INR,2.36301E+12,1.58791E+12,7.75093E+11,"Mahindra & Mahindra Limited provides mobility products and farm solutions in India and internationally. It operates through Automotive, Farm Equipment, Financial Services, Real Estate, Hospitality, and Others segments. The company offers commercial vehicles, trucks, buses, vans, passenger cars, utility vehicles, and electric vehicles (EV), as well as motorcycles; aero and defense products; offers construction equipment, such as rotaries, tillers, loaders, and backhoes under the Mahindra EarthMaster brand; and road construction equipment comprising motor graders under the Mahindra RoadMaster brand. It is also involved in the provision of farm equipment, including tractors under the Mahindra, Swaraj, and Trakstar brands, as well as farm mechanization solutions, such as rotavators, cultivators, harvesters, rice transplanters, balers, sprayers, and implements and attachments; and renewable energy business comprising installation of EV chargers and provision of Li-ion batteries. In addition, the company offers financial services, such as fixed deposits, retail and other loans, leasing, SME finance, housing finance, mutual funds, and life and non-life insurance broking services, as well as vehicle and equipment financing; provides logistics services; power backup solutions, including diesel and gas generators; and technology services comprising business process, integrated engineering, infrastructure and cloud, network, application development and maintenance, supply chain digital transformation, and design services. Further, it engages in the sale of timeshare and vacation ownership through its resorts; develops and sells residential properties, and engages in the development, management, and operation of commercial complexes; and processing and trading of steel for automotive, non-automotive, and power industries. The company was incorporated in 1945 and is headquartered in Mumbai, India.",1.09003E+12,N/A,N/A,0.4012,0.15594,0.079959996,1.301,0.467,N/A,140.632,N/A,N/A,29.05318,1.03,4.922468,0.16972,0.06288,N/A
INFIBEAM AVENUES L,Technology,30.92,EQUITY,108.1131363,57.97127694,India,INR,52160700000,17603300000,34557400000,"Infibeam Avenues Limited, together with its subsidiaries, operates as a digital payment and e-commerce technology company that engages in the provision of digital payment solutions, data center infrastructure, and software platforms for businesses and governments to execute e-commerce transactions. The company operates through Payment Business and E-Commerce Platform Business segments. It also offers CCAvenue, a payment gateway to ecommerce merchants to collect payments online and offline from their customers, as well as payment gateway related solutions, including B2Biz payments, CCAvenue SNIP, CCAvenue TokenPay, and invoice payment and subscription solutions. In addition, the company provides BillAvenue, an online bill payment platform for recurring bill payments services to customers; ResAven, an online hospitality management solution that helps hoteliers to distribute room inventory; Go Payments, an online platform that offers domestic money transfer, AEPS, mobile recharge, travel bookings, insurance, and other financial services for consumers, as well as payment issuing and processing services for banks, governments, and corporates; and TrustAvenue, a lending platform that provide working capital loans, invoice/bill discounting, and early settlement to digital payment merchants. Further, it provides BuildaBazaar for Enterprise, a cloud based end-to-end software as a service eCommerce marketplace technology platform that allows corporates to transact online, manage the back end, make digital payments, undertake online marketing, and other value-added digital services. Infibeam Avenues Limited operates in India, the United Arab Emirates, Saudi Arabia, Oman, Australia, and the United States. The company was formerly known as Infibeam Incorporation Limited and changed its name to Infibeam Avenues Limited in July 2018. Infibeam Avenues Limited was incorporated in 2010 and is headquartered in Gandhinagar, India.",833929984,N/A,N/A,0.09493,0.07038,0.04987,1.389,0.791,N/A,2.413,N/A,N/A,55.214287,N/A,2.4769688,0.0471,0.025050001,N/A
TATA MOTORS LTD.,Consumer Cyclical,787.5,EQUITY,95.07880151,26.78978338,India,INR,3.70664E+12,2.7757E+12,9.30939E+11,"Tata Motors Limited designs, develops, manufactures, and sells various automotive vehicles. The company offers passenger cars; sports utility vehicles; intermediate and light commercial vehicles; small, medium, and heavy commercial vehicles; defense vehicles; pickups, wingers, buses, vans, and trucks; and electric vehicles, as well as related spare parts and accessories. It also manufactures engines for industrial applications, and aggregates comprising axles and transmissions for commercial vehicles; and factory automation equipment, as well as provides information technology and vehicle financing services. The company offers its products under the Tata, Daewoo, Harrier, Safari, Fiat, Nexon, Altroz, Punch, Tiago, Tigor, Jaguar, and Land Rover brands. It operates in India, China, the United States, the United Kingdom, rest of Europe, and internationally. It offers its products to fleet owners, transporters, government agencies, defense, public transport utilities, small and medium enterprises (SMEs), agriculture and rural segment, mining and construction industry, etc. The company was incorporated in 1945 and is headquartered in Mumbai, India.",1.12044E+12,N/A,N/A,0.43827,0.06937,0.0717,0.97,0.62,N/A,117.15,N/A,N/A,9.613037,0.76,3.5538929,0.42200002,0.06245,N/A
BHARAT PETROL CORP,Energy,352.15,EQUITY,102.0229609,34.56199137,India,INR,2.02418E+12,1.26783E+12,7.56351E+11,"Bharat Petroleum Corporation Limited refines crude oil and markets petroleum products in India. It operates through two segments: Downstream Petroleum, and Exploration and Production of Hydrocarbons. The company operates fuel stations that sell petrol, diesel, automotive liquefied petroleum gas (LPG), and compressed natural gas. It also provides Bharatgas fuels; MAK lubricants, such as automotive engine oils, gear oils, greases, and specialties, as well as industrial lubricants; and aviation fuel services to airlines. In addition, the company offers industrial fuels products, such as white oil, black oil, bitumen, sulphur, petcoke, propylene, petchem, and solvents products; and bunkering facilities. Further, it imports and exports petroleum products, as well as engages in the natural gas business. Its marketing infrastructure includes a network of installations, depots, retail outlets, aviation fuelling stations, and LPG distributors. The company was formerly known as Bharat Refineries Limited and changed its name to Bharat Petroleum Corporation Limited in August 1977. Bharat Petroleum Corporation Limited was incorporated in 1952 and is based in Mumbai, India.",5.45991E+11,N/A,N/A,0.14344,0.03487,0.04231,N/A,N/A,N/A,72.187,N/A,N/A,7.8780756,-0.27,2.019973,N/A,N/A,N/A
GAIL INDIA LTD,Utilities,245.12,EQUITY,117.5216099,39.59896042,India,INR,1.24717E+12,4.75215E+11,7.71958E+11,"GAIL (India) Limited operates as a natural gas processing and distribution company in India and internationally. The company operates through Transmission Services, Natural Gas Marketing, Petrochemicals, LPG and Other Liquid Hydrocarbons, and Other segments. It is involved in the transmission and marketing of natural gas to the power, fertilizer, industrial, automotive, petrochemicals, and domestic and commercial sectors. The company also markets liquefied petroleum gas (LPG), propane, pentane, naphtha, mixed fuel oil, polyethylene, and polypropylene; and manufactures petrochemicals, such as high-density polyethylene and linear low-density polyethylene under the brand names of G-Lex and G-Lene. In addition, it generates wind and solar power. Further, the company engages in the chartering of LNG vessels. The company was incorporated in 1984 and is based in New Delhi, India.",2.17938E+11,N/A,N/A,0.18969999,0.07961,0.0743,0.937,0.522,N/A,28.232,N/A,N/A,16.265429,0.66,2.0957592,0.13918,0.05712,N/A
HERO MOTOCORP LTD,Consumer Cyclical,5484.55,EQUITY,75.20865551,25.9176766,India,INR,2.61528E+11,83182200000,1.78346E+11,"Hero MotoCorp Limited primarily engages in the manufacture and sale of motorized two wheelers in India, Asia, Central and Latin America, Africa, and the Middle East. The company offers motorcycles and scooters, as well as electric scooters. It provides engines, parts, and accessories, as well as related services. The company was formerly known as Hero Honda Motors Ltd. and changed its name to Hero MotoCorp Limited in July 2011. Hero MotoCorp Limited was incorporated in 1984 and is based in New Delhi, India.",6064099840,N/A,N/A,0.32039002,0.123780005,0.0991,1.464,1.14,N/A,3.4,N/A,N/A,29.307201,N/A,6.1951876,0.21621001,0.114479996,N/A
DR REDDYS LABS,Healthcare,6802.65,EQUITY,22.09006807,20.18566874,India,INR,3.87518E+11,1.06968E+11,2.8055E+11,"Dr. Reddy's Laboratories Limited, together with its subsidiaries, operates as an integrated pharmaceutical company worldwide. It operates through Global Generics, Pharmaceutical Services and Active Ingredients (PSAI), and Others segments. The company's Global Generics segment manufactures and markets prescription and over-the-counter finished pharmaceutical products that are marketed under a brand name or as a generic finished dosages with therapeutic equivalence to branded formulations, as well as engages in the biologics business. The PSAI segment manufactures and markets active pharmaceutical ingredients and intermediates, which are principal ingredients for finished pharmaceutical products. This segment also provides contract research services; and manufactures and sells active pharmaceutical ingredients and steroids in accordance with the specific customer requirements. The Others segment engages in developing therapies in the fields of oncology and inflammation; research and development of differentiated formulations; and provides digital healthcare and information technology enabled business support services. The company offers its products for various therapeutic categories primarily include gastro-intestinal, cardiovascular, anti-diabetic, dermatology, oncology, respiratory, stomatology, urology, and nephrology. Dr. Reddy's Laboratories Limited was incorporated in 1984 and is headquartered in Hyderabad, India.",30674999296,N/A,N/A,0.59062,0.23391001,0.19264,2.547,1.663,N/A,10.411,N/A,N/A,20.421633,1.19,3.8453712,0.20589,0.109280005,N/A
BHARAT HEAVY ELECT,Industrials,317.85,EQUITY,218.0312788,51.24212306,India,INR,5.90055E+11,3.45669E+11,2.44387E+11,"Bharat Heavy Electricals Limited operates as engineering and manufacturing company in India and internationally. The company operates in two segments: Power and Industry. It offers coal based, gas-based, nuclear, and hydro power plants, as well as solar power systems; transmission systems; defense and aerospace products; industrial systems; and energy storage system and e-mobility solutions. The company also provides steam generators and steam generator auxiliaries, soot blowers, valves, piping systems, seamless steel tubes, pressurized fluidized bed gasifiers, steam turbines, turbo generators, industrial sets, castings and forgings, condenser and heat exchangers, pumps, centrifugal compressors, solar photovoltaics, and automation and control systems. In addition, it offers software system solutions, medium voltage vacuum switchgears, on load tap changers, LT switchgears and bus ducts, transformers and reactors, capacitors, bushings, control gears, insulators and ceramics, and electrical machines. Further, the company provides rail transportation systems and equipment, oil field equipment, fabricated equipment and mechanical packages, and desalination and water treatment plants. It serves customers in power-thermal, transmission, transportation, renewables, water, oil and gas, defense and aerospace, hydro, gas, nuclear and solar PV, energy storage, electric mobility, petrochemicals, and other industries. The company was incorporated in 1964 and is based in New Delhi, India.",88564596736,N/A,N/A,0.29656,0.079840004,0.01181,1.364,0.432,N/A,36.24,N/A,N/A,392.4074,1.5,4.5163264,0.01101,0.00384,N/A
MARICO LTD,Consumer Defensive,680.15,EQUITY,24.43127635,23.11253663,India,INR,74210000000,32520000000,41690000000,"Marico Limited, together with its subsidiaries, manufactures and sells consumer products in India. It offers coconut oils, refined edible oils, hair oils, anti-lice treatments, fabric care, functional and other processed foods, hair creams and gels, hair serums, shampoos, shower gels, shower gels, hair relaxers and straighteners, deodorants, fabric care, female personal care, baby care, skin care, male grooming and styling, health care, and hygiene products, as well as conditioners. The company markets its products under the Parachute, Saffola, Saffola FITTIFY Gourmet, Saffola ImmuniVeda, Saffola Mealmaker, Hair & Care, Parachute Advansed, Nihar Naturals, Mediker, Pure Sense, Coco Soul, Revive, Set Wet, Livon, Just Herbs, True Elements, Beardo, and Plix brand names in India; and under the Parachute, Parachute Advansed, HairCode, Fiance, Purit de Prvence, liv, Lashe', Caivil, Hercules, Black Chic, Code 10, Ingwe, X-Men, Thuan Phat and Isoplus brand names internationally. Its distribution network comprises regional offices, carrying and forwarding agents, redistribution centers, and distributors. The company was incorporated in 1988 and is headquartered in Mumbai, India.",5280000000,N/A,N/A,0.49974,0.17735,0.15342,1.638,0.972,N/A,12.665,N/A,N/A,59.609993,4.36,22.969505,0.36972,0.16279,N/A
AMBUJA CEMENTS LTD,Basic Materials,677.7,EQUITY,48.67341774,34.50642028,India,INR,6.52978E+11,1.44519E+11,5.08459E+11,"Ambuja Cements Limited, together with its subsidiaries, manufactures and markets cement and cement related products to individual homebuilders, masons and contractors, and architects and engineers in India. The company offers Portland pozzolana cement and ordinary Portland cement, as well as temperature resistant concrete blocks, Blaine Portland cement, and micro materials. It sells its products through dealers, authorized retail stockiest, retailers, and authorized sales representatives. The company was formerly known as Gujarat Ambuja Cements Limited and changed its name to Ambuja Cements Limited in April 2007. The company was incorporated in 1981 and is based in Ahmedabad, India. Ambuja Cements Limited operates as a subsidiary of Holderind Investments Ltd.",6990099968,N/A,N/A,0.59575003,0.14592,0.10787,2.049,1.454,N/A,1.375,N/A,N/A,40.678272,N/A,3.5927289,0.10576,0.05158,N/A
INDUSIND BANK LTD,Financial Services,1417.3,EQUITY,1.124680148,26.07252441,India,INR,5.15094E+12,4.51886E+12,6.32076E+11,"IndusInd Bank Limited provides various banking products and services to individuals, NRIs, business owners, corporates, and government and financial institutions. It operates through four segments: Treasury, Corporate/Wholesale Banking, Retail Banking, and Other Banking Operations. The company offers current, savings, defense, and corporate salary; and fixed and FCNR, sweep in/out deposits, senior citizen schemes, young saver deposits, and recurring and RFC deposits, as well as Rupee multiplier products. It also provides home, personal, car, two wheeler, gold, agricultural, and medical equipment loans, as well as loans against property and securities; micro-finance loans; MSME loans; business loans; loans to merchants and retailers; personal and professional loans; and loan on credit cards. In addition, the company offers transaction banking services, including letters of credit/guarantees, structured trade and export finance, and import finance solutions, as well as cash management and remittance services; investment products, such as demat account, mutual fund, gold bond, national pension system, and equity trading; project finance, supply chain financing; investment advisory, strategic M&A, and other advisory services; and health, general, life, and card protection insurance. Further, it provides debit, credit, forex, and commercial cards; individual outward remittances, foreign currency bank notes and demand drafts, and travelers cheques; financial inclusion products; trade and foreign exchange accounts; real estate developer financing and bullion services; correspondent banking services; and forex and derivative desk, information and advisory, and remittances through forex channel services. IndusInd Bank Limited was incorporated in 1994 and is based in Mumbai, India. IndusInd Bank Limited was incorporated in 1994 and is based in Mumbai, India.",4.76114E+11,N/A,N/A,N/A,0.4268,0.33619,N/A,N/A,N/A,N/A,N/A,N/A,12.230757,0.94,1.7447793,N/A,N/A,N/A
INDIAN OIL CORP,Energy,183.28,EQUITY,119.4776781,36.04704149,India,INR,4.82362E+12,2.94199E+12,1.88163E+12,"Indian Oil Corporation Limited, together with its subsidiaries, refines, pipeline transports, and markets petroleum products in India and internationally. It operates through Sale of Petroleum Products, Sale of Petrochemicals, and Other segments. The company's refinery products include liquefied petroleum gas (LPG), high-speed diesel, motor spirits, kerosene, aviation turbine fuel, light diesel oil, sulphur, raw petroleum coke, carbon black feedstock, naphtha, furnace oil, bitumen, propylene, polypropylene, monoethylene glycol, reformate, light cycle oil, purified terephthalic acid, jute batching oil, lube oil base stocks, sulfuric acid, polymer grade hexane, methyl tert-butyl ether, benzene, aviation gasoline, para-xylene, aromatics, and paraffin wax. It is also involved in the operation of fuel stations, supply of piped and compressed natural gas; exploration and production of crude oil and gas and petrochemicals; manufacture and sale of cryogenics comprising aluminum cryocans, cryogenic vessels, pressure vessels, and lube and aviation equipment, as well as bulk explosives; and provision of non-fuel products, such as LPG stoves, hoses, and cylinder trolleys, as well as indoor solar cooking systems, kitchen aprons, and gas lighters. In addition, the company engages in the wind and solar power generation; terminalling, retailing, and aviation refueling; lube blending and marketing; bunkering; refining and pipeline consultancy activities; licensing of technologies; and provision of financial services. Additionally, it operates Fuel@Call, a cloud-based technology platform for on-demand fuel delivery service for industrial and commercial customers; provides marine oils, including bunker fuels and marine lubricants; and spray and specialty oils, metal working and railroad oils, lubes, and greases for automobiles, agricultural equipment, stationary engines, and marine industries. The company was incorporated in 1959 and is based in New Delhi, India.",1.32628E+12,N/A,N/A,0.16915001,0.04642,0.05375,0.732,0.138,N/A,70.485,N/A,N/A,6.0468493,-2.22,1.3761309,0.26049998,0.082609996,N/A
TATA POWER CO LTD,Utilities,451.9,EQUITY,95.94065154,34.99740529,India,INR,1.39553E+12,1.01221E+12,3.83328E+11,"The Tata Power Company Limited engages in the generation, transmission, distribution, and trading of electricity in India and internationally. The company generates power from hydroelectric and thermal sources, such as coal, gas, and oil; and provides related ancillary services. It also engages in the operation of transmission and distribution networks; and sale of power to retail customers through distribution network and related ancillary services. In addition, the company offers project management contracts/infrastructure management, and property development services, as well as rents oil tanks. Further, it manufactures and sells solar cells and modules, and pumps; operates electric vehicle charging stations and coal mines; generates electricity through solar, wind, and waste heat sources; trades in power; and provides engineering, procurement, and construction, as well as logistics services. Additionally, the company offers microgrid, rooftop solar, and home automation solutions. As of March 31, 2024, it had an installed capacity of 14,707 megawatt. The company was founded in 1915 and is based in Mumbai, India.",5.46227E+11,N/A,N/A,0.3043,0.08509,0.060149997,0.69,0.515,N/A,139.882,N/A,N/A,39.159447,N/A,4.3661833,0.11492,0.03292,N/A
HDFC ASSET MANAGEM,Financial Services,4137.85,EQUITY,68.98217641,31.6580694,India,INR,75538500000,4788400000,70750100000,"HDFC Asset Management Company Limited is a publically owned investment manager. The firm launches and manages equity, fixed income, and balanced mutual funds for its clients. It manages equity, fixed income, balanced, and real estate portfolios. The firm invests in public equity and fixed income markets. The firm employs fundamental analysis to make its investments. HDFC Asset Management Company Limited was founded on December 10, 1999 and is based in Mumbai, Maharashtra. HDFC Asset Management Company Limited operates as a subsidiary of HDFC Bank Limited.",1249500032,N/A,N/A,0.88702005,0.79535,0.61225,N/A,N/A,N/A,1.766,N/A,N/A,42.83489,2.35,12.485704,N/A,N/A,N/A
LUPIN LTD,Healthcare,1893.85,EQUITY,97.23097361,25.37008848,India,INR,2.39972E+11,96237300000,1.43735E+11,"Lupin Limited, together with its subsidiaries, operates as a pharmaceutical company in India and internationally. It engages in the drug discovery, development, production, marketing, and sale of various branded and generic formulations, biosimilars, over-the-counter and specialty drugs, and active pharmaceutical ingredients (APIs). The company offers formulations for use in the therapeutic areas of anti-tuberculosis, diabetes management, cardiovascular, chronic obstructive pulmonary diseases, asthma, gynecology and women's health, central nervous system, oncology, immunology, genomics, metabolic disorders, dermatology, urology, pediatrics, gastrointestinal, anti-infective, and nonsteroidal anti-inflammatory drug therapies, as well as engages in the bio clinical research activities. It operates through network consists of labs, LupiMitra collection centers, and pick-up points. The company was formerly known as Lupin Chemicals Limited and changed its name to Lupin Limited in 2001. Lupin Limited was founded in 1968 and is headquartered in Mumbai, India.",29217699840,N/A,N/A,0.64461,0.14358,0.09567001,1.582,0.935,N/A,20.328,N/A,N/A,45.220867,0.51,6.0389853,0.14382,0.0739,N/A
TATA STEEL LTD,Basic Materials,164.75,EQUITY,37.87390356,28.49013803,India,INR,2.73424E+12,1.80991E+12,9.24327E+11,"Tata Steel Limited engages in the manufacture and distribution of steel products in India and internationally. It offers hot rolled (HR), cold-rolled, direct-rolled, cold rolled closed annealed (CRCA), galvanized, galvanized corrugated, HR commercial, HR slit, medium carbon/high carbon, structural and precision tube, wire rod, billet, metallic and organic coated coil and sheet, conveyance and line pipe, electro-plated steel, tailor welded blank, and aluminium blank, and BP sheet products. The company also provides hot rolled pickled and oiled, hot rolled skin passed pickled and oiled, pre-engineered building, full hard cold rolled, galv, galume, galvano, PPGI, PPGL, panel and profile, lintel, roof and cladding system, slab, highway system, high tensile steel strapping, electro-plated coil, tin plate, tin-free steel, laminated steel coil and sheet, thermo mechanically treated rebar, cut and bend, stirrup, dowel, footing, and angle and channel products. It offers its products for automotive, construction, industrial and general engineering, and consumer durables industries. The company was incorporated in 1907 and is based in Mumbai, India.",8.70821E+11,N/A,N/A,0.5098,0.06862,-0.01936,0.717,0.145,N/A,94.211,N/A,N/A,N/A,N/A,2.2346256,-0.049689997,0.02765,N/A
VEDANTA LIMITED,Basic Materials,448.45,EQUITY,76.82284907,36.93056834,India,INR,1.90807E+12,1.48738E+12,4.2069E+11,"Vedanta Limited, a diversified natural resources company, explores, extracts, and processes minerals, and oil and gas in India, Europe, China, the United States, Mexico, and internationally. The company operates through seven reportable segments: Copper, Aluminium, Iron Ore, Power, Zinc India, Zinc International, Oil and Gas, and Others. It explores, produces, and sells oil and gas, zinc, lead, silver, copper, aluminum, steel, pig iron, chrome ores, and metallurgical coke. The company also operates a thermal coal-based commercial power facility of 600 megawatts (MW) at Jharsuguda in Odisha; a 1,200 MW thermal coal-based power plants in the Chhattisgarh; 1,980 MW thermal coal- based commercial power facilities in Punjab; wind power plants; a 1,000 MW coal-based power plant at Nellore, Andhra Pradesh; wind power plants; and power plants located at Mettur Dam in the state of Tamil Nadu in southern India. In addition, it manufactures and supplies billets, TMT bars, wire rods, and ductile iron pipes; mechanizes coal handling facilities and upgrades general cargo berth for handling coal at the outer harbor of Visakhapatnam Port on the east coast of India; offers port/berth services; and manufactures glass substrates, semiconductor, display glass panels, ferro alloys, and slag cements. The company was formerly known as Sesa Sterlite Limited and changed its name to Vedanta Limited in March 2015. The company was founded in 1954 and is headquartered in Mumbai, India.",7.2771E+11,N/A,N/A,0.4935,0.18552,0.02982,0.66,0.206,N/A,172.98,N/A,N/A,39.650753,-5.84,5.414559,0.16479,0.08093,N/A
GODREJ CONSUMER PR,Consumer Defensive,1439.9,EQUITY,42.31801031,25.22261574,India,INR,1.84959E+11,58973200000,1.25986E+11,"Godrej Consumer Products Limited, a fast-moving consumer goods company, engages in the manufacture and marketing of personal care and home care products in India, Africa, Indonesia, the Middle East, the United States of America, and internationally. The company offers household insecticides, home hygiene, and air and fabric care products; and personal wash and hygiene, hair color, and beauty and professional products. It provides its products primarily under the Good knight, Godrej Expert, Darling, Saniter, Inecto, Godrej aer, HIT, MegaGrowth, Godrej Ezee, Godrej No.1, CINTHOL, Ilicit, Issue, Godrej magic, Godrej Protekt, Godrej nupur, Godrej Professional, tcb Naturals, renew, Just for me, ROBY, Pamelagrant Beauty, Villeneuve, Millefiori, African Pride, Stella, Mitu, NYU, Purest, Godrej Genteel, Park Avenune, and KamaSutra brands. The company was founded in 1897 and is headquartered in Mumbai, India.",32430999552,N/A,N/A,0.54393,0.21008,-0.03977,0.995,0.689,N/A,25.742,N/A,N/A,N/A,3.75,11.689872,-0.042480003,0.09828,N/A
NIPPON INDIA MF,N/A,N/A,ETF,28.40498809,10.57978526,N/A,INR,N/A,N/A,N/A,N/A,N/A,N/A,N/A,N/A,N/A,N/A,N/A,N/A,N/A,N/A,N/A,N/A,30.32094,N/A,N/A,N/A,N/A,N/A
SBI MUTUAL FUND,N/A,N/A,ETF,28.53633389,11.2244777,N/A,INR,N/A,N/A,N/A,N/A,N/A,N/A,N/A,N/A,N/A,N/A,N/A,N/A,N/A,N/A,N/A,N/A,29.848488,N/A,N/A,N/A,N/A,N/A
ICICI PRUDENTIAL M,N/A,N/A,ETF,16.75209827,7.972124257,N/A,INR,N/A,N/A,N/A,N/A,N/A,N/A,N/A,N/A,N/A,N/A,N/A,N/A,N/A,N/A,N/A,N/A,31.710865,N/A,N/A,N/A,N/A,N/A
KOTAK MAHINDRA MF,N/A,N/A,ETF,13.98816584,14.57469129,N/A,INR,N/A,N/A,N/A,N/A,N/A,N/A,N/A,N/A,N/A,N/A,N/A,N/A,N/A,N/A,N/A,N/A,18.738068,N/A,N/A,N/A,N/A,N/A
UTI ASSET MANAG.CO,N/A,N/A,ETF,68.50963223,17.36894154,N/A,INR,N/A,N/A,N/A,N/A,N/A,N/A,N/A,N/A,N/A,N/A,N/A,N/A,N/A,N/A,N/A,N/A,44.859688,N/A,N/A,N/A,N/A,N/A
ICICI PRUDENTIAL A,N/A,N/A,ETF,4.02363712,6.027839096,N/A,INR,N/A,N/A,N/A,N/A,N/A,N/A,N/A,N/A,N/A,N/A,N/A,N/A,N/A,N/A,N/A,N/A,N/A,N/A,N/A,N/A,N/A,N/A
MIRAEAMC - MAGOLDETF,N/A,N/A,ETF,16.50076434,13.10530875,N/A,INR,N/A,N/A,N/A,N/A,N/A,N/A,N/A,N/A,N/A,N/A,N/A,N/A,N/A,N/A,N/A,N/A,N/A,N/A,N/A,N/A,N/A,N/A
HDFC ASSET MANAGEM,N/A,N/A,ETF,0,0,N/A,INR,N/A,N/A,N/A,N/A,N/A,N/A,N/A,N/A,N/A,N/A,N/A,N/A,N/A,N/A,N/A,N/A,22.138512,N/A,N/A,N/A,N/A,N/A
SBIAMC - SBIETFIT,N/A,N/A,ETF,39.54032721,17.37566662,N/A,INR,N/A,N/A,N/A,N/A,N/A,N/A,N/A,N/A,N/A,N/A,N/A,N/A,N/A,N/A,N/A,N/A,35.615078,N/A,N/A,N/A,N/A,N/A
NIPPON INDIA MF,N/A,N/A,ETF,3.701621655,1.186230931,N/A,INR,N/A,N/A,N/A,N/A,N/A,N/A,N/A,N/A,N/A,N/A,N/A,N/A,N/A,N/A,N/A,N/A,N/A,N/A,N/A,N/A,N/A,N/A
ICICIPRAMC - ICICIM150,N/A,N/A,ETF,20.26208412,7.583644489,N/A,INR,N/A,N/A,N/A,N/A,N/A,N/A,N/A,N/A,N/A,N/A,N/A,N/A,N/A,N/A,N/A,N/A,30.735937,N/A,N/A,N/A,N/A,N/A
NIP IND ETF MIDCAP 150,N/A,N/A,ETF,60.44186444,15.30698154,N/A,INR,N/A,N/A,N/A,N/A,N/A,N/A,N/A,N/A,N/A,N/A,N/A,N/A,N/A,N/A,N/A,N/A,N/A,N/A,N/A,N/A,N/A,N/A
NIPPON INDIA MF,N/A,N/A,ETF,14.20624903,13.57860266,N/A,INR,N/A,N/A,N/A,N/A,N/A,N/A,N/A,N/A,N/A,N/A,N/A,N/A,N/A,N/A,N/A,N/A,21.880322,N/A,N/A,N/A,N/A,N/A
HDFCAMC - HDFCPVTBAN,N/A,N/A,ETF,10.49531689,14.48647128,N/A,INR,N/A,N/A,N/A,N/A,N/A,N/A,N/A,N/A,N/A,N/A,N/A,N/A,N/A,N/A,N/A,N/A,N/A,N/A,N/A,N/A,N/A,N/A
Ishares MSCI India ETF,N/A,N/A,ETF,27.15422921,13.66610682,N/A,USD,N/A,N/A,N/A,"The fund generally will collectively invest at least 80% of the fund's assets in the component securities of the underlying index and in investments that have economic characteristics that are substantially identical to the component securities of the underlying index. The index measures the performance of equity securities of companies whose market capitalization, as calculated by the index provider, represents the large- and mid-capitalization segments of the Indian securities market. The fund is non-diversified.",N/A,N/A,N/A,N/A,N/A,N/A,N/A,N/A,N/A,N/A,N/A,N/A,31.445663,N/A,N/A,N/A,N/A,N/A
NIPPON INDIA MF,N/A,N/A,ETF,16.13392514,11.68665415,N/A,INR,N/A,N/A,N/A,N/A,N/A,N/A,N/A,N/A,N/A,N/A,N/A,N/A,N/A,N/A,N/A,N/A,N/A,N/A,N/A,N/A,N/A,N/A
ICICI Prudential All Seasons Bo,N/A,N/A,ETF,8.528293049,1.260744011,N/A,INR,N/A,N/A,N/A,N/A,N/A,N/A,N/A,N/A,N/A,N/A,N/A,N/A,N/A,N/A,N/A,N/A,N/A,N/A,N/A,N/A,N/A,N/A
UTIAMC - UTIBANKETF,N/A,N/A,ETF,14.44066655,14.38021486,N/A,INR,N/A,N/A,N/A,N/A,N/A,N/A,N/A,N/A,N/A,N/A,N/A,N/A,N/A,N/A,N/A,N/A,21.920235,N/A,N/A,N/A,N/A,N/A
SBIAMC - SBIETFIT,N/A,N/A,ETF,39.54032721,17.37566662,N/A,INR,N/A,N/A,N/A,N/A,N/A,N/A,N/A,N/A,N/A,N/A,N/A,N/A,N/A,N/A,N/A,N/A,35.615078,N/A,N/A,N/A,N/A,N/A
ICICI PRUDENTIAL A,N/A,N/A,ETF,12.91630252,6.181370511,N/A,INR,N/A,N/A,N/A,N/A,N/A,N/A,N/A,N/A,N/A,N/A,N/A,N/A,N/A,N/A,N/A,N/A,27.181051,N/A,N/A,N/A,N/A,N/A
NIFTY 50,N/A,N/A,FUTURE,26.92630194,12.85661644,N/A,INR,N/A,N/A,N/A,N/A,N/A,N/A,N/A,N/A,N/A,N/A,N/A,N/A,N/A,N/A,N/A,N/A,N/A,N/A,N/A,N/A,N/A,N/A
E-Mini S&P 500 Sep 24,N/A,N/A,FUTURE,19.12991657,11.83718966,N/A,USD,N/A,N/A,N/A,N/A,N/A,N/A,N/A,N/A,N/A,N/A,N/A,N/A,N/A,N/A,N/A,N/A,N/A,N/A,N/A,N/A,N/A,N/A
Mini Dow Jones Indus.-$5 Sep 24,N/A,N/A,FUTURE,14.436575,10.39000438,N/A,USD,N/A,N/A,N/A,N/A,N/A,N/A,N/A,N/A,N/A,N/A,N/A,N/A,N/A,N/A,N/A,N/A,N/A,N/A,N/A,N/A,N/A,N/A
Nasdaq 100 Sep 24,N/A,N/A,FUTURE,20.66372379,16.28776721,N/A,USD,N/A,N/A,N/A,N/A,N/A,N/A,N/A,N/A,N/A,N/A,N/A,N/A,N/A,N/A,N/A,N/A,N/A,N/A,N/A,N/A,N/A,N/A
E-mini Russell 2000 Index Futur,N/A,N/A,FUTURE,12.50993382,19.94887871,N/A,USD,N/A,N/A,N/A,N/A,N/A,N/A,N/A,N/A,N/A,N/A,N/A,N/A,N/A,N/A,N/A,N/A,N/A,N/A,N/A,N/A,N/A,N/A
"U.S. Treasury Bond Futures,Sep-",N/A,N/A,FUTURE,-3.427119163,12.59893509,N/A,USD,N/A,N/A,N/A,N/A,N/A,N/A,N/A,N/A,N/A,N/A,N/A,N/A,N/A,N/A,N/A,N/A,N/A,N/A,N/A,N/A,N/A,N/A
"10-Year T-Note Futures,Sep-2024",N/A,N/A,FUTURE,0.153667438,6.543814767,N/A,USD,N/A,N/A,N/A,N/A,N/A,N/A,N/A,N/A,N/A,N/A,N/A,N/A,N/A,N/A,N/A,N/A,N/A,N/A,N/A,N/A,N/A,N/A
Five-Year US Treasury Note Futu,N/A,N/A,FUTURE,0.874158009,4.372477193,N/A,USD,N/A,N/A,N/A,N/A,N/A,N/A,N/A,N/A,N/A,N/A,N/A,N/A,N/A,N/A,N/A,N/A,N/A,N/A,N/A,N/A,N/A,N/A
"2-Year T-Note Futures,Sep-2024",N/A,N/A,FUTURE,1.111464554,1.863955667,N/A,USD,N/A,N/A,N/A,N/A,N/A,N/A,N/A,N/A,N/A,N/A,N/A,N/A,N/A,N/A,N/A,N/A,N/A,N/A,N/A,N/A,N/A,N/A
Gold Dec 24,N/A,N/A,FUTURE,24.77742464,14.02248994,N/A,USD,N/A,N/A,N/A,N/A,N/A,N/A,N/A,N/A,N/A,N/A,N/A,N/A,N/A,N/A,N/A,N/A,N/A,N/A,N/A,N/A,N/A,N/A
"Micro Gold Futures,Dec-2024",N/A,N/A,FUTURE,24.78247993,14.14442991,N/A,USD,N/A,N/A,N/A,N/A,N/A,N/A,N/A,N/A,N/A,N/A,N/A,N/A,N/A,N/A,N/A,N/A,N/A,N/A,N/A,N/A,N/A,N/A
Silver Sep 24,N/A,N/A,FUTURE,15.61519476,29.21605082,N/A,USD,N/A,N/A,N/A,N/A,N/A,N/A,N/A,N/A,N/A,N/A,N/A,N/A,N/A,N/A,N/A,N/A,N/A,N/A,N/A,N/A,N/A,N/A
"Micro Silver Futures,Sep-2024",N/A,N/A,FUTURE,15.63530886,29.21679804,N/A,USD,N/A,N/A,N/A,N/A,N/A,N/A,N/A,N/A,N/A,N/A,N/A,N/A,N/A,N/A,N/A,N/A,N/A,N/A,N/A,N/A,N/A,N/A
Platinum Oct 24,N/A,N/A,FUTURE,2.916711788,25.89047034,N/A,USD,N/A,N/A,N/A,N/A,N/A,N/A,N/A,N/A,N/A,N/A,N/A,N/A,N/A,N/A,N/A,N/A,N/A,N/A,N/A,N/A,N/A,N/A
Copper Sep 24,N/A,N/A,FUTURE,3.503200831,20.5744903,N/A,USD,N/A,N/A,N/A,N/A,N/A,N/A,N/A,N/A,N/A,N/A,N/A,N/A,N/A,N/A,N/A,N/A,N/A,N/A,N/A,N/A,N/A,N/A
Palladium Sep 24,N/A,N/A,FUTURE,-29.88456815,40.96095802,N/A,USD,N/A,N/A,N/A,N/A,N/A,N/A,N/A,N/A,N/A,N/A,N/A,N/A,N/A,N/A,N/A,N/A,N/A,N/A,N/A,N/A,N/A,N/A
Crude Oil Sep 24,N/A,N/A,FUTURE,-7.173073671,27.85495403,N/A,USD,N/A,N/A,N/A,N/A,N/A,N/A,N/A,N/A,N/A,N/A,N/A,N/A,N/A,N/A,N/A,N/A,N/A,N/A,N/A,N/A,N/A,N/A
Heating Oil Aug 24,N/A,N/A,FUTURE,-21.09398964,29.35188413,N/A,USD,N/A,N/A,N/A,N/A,N/A,N/A,N/A,N/A,N/A,N/A,N/A,N/A,N/A,N/A,N/A,N/A,N/A,N/A,N/A,N/A,N/A,N/A
UTI Flexi Cap Fund - Growth Opt,N/A,N/A,MUTUALFUND,25.85111912,10.50092401,N/A,INR,N/A,N/A,N/A,N/A,N/A,N/A,N/A,N/A,N/A,N/A,N/A,N/A,N/A,N/A,N/A,N/A,44.168972,N/A,N/A,N/A,N/A,N/A
HDFC Top 100 Fund -Direct Plan ,N/A,N/A,MUTUALFUND,37.21485421,13.56547172,N/A,INR,N/A,N/A,N/A,N/A,N/A,N/A,N/A,N/A,N/A,N/A,N/A,N/A,N/A,N/A,N/A,N/A,24.33395,N/A,N/A,N/A,N/A,N/A
Nippon India Large Cap Fund - G,N/A,N/A,MUTUALFUND,40.02542289,13.5359306,N/A,INR,N/A,N/A,N/A,N/A,N/A,N/A,N/A,N/A,N/A,N/A,N/A,N/A,N/A,N/A,N/A,N/A,34.42742,N/A,N/A,N/A,N/A,N/A
UTI Mid Cap Fund Regular Plan G,N/A,N/A,MUTUALFUND,45.42040489,13.61969728,N/A,INR,N/A,N/A,N/A,N/A,N/A,N/A,N/A,N/A,N/A,N/A,N/A,N/A,N/A,N/A,N/A,N/A,46.4873,N/A,N/A,N/A,N/A,N/A
Mirae Asset Large Cap Fund Regu,N/A,N/A,MUTUALFUND,28.14215951,12.23307315,N/A,INR,N/A,N/A,N/A,N/A,N/A,N/A,N/A,N/A,N/A,N/A,N/A,N/A,N/A,N/A,N/A,N/A,32.75014,N/A,N/A,N/A,N/A,N/A
HDFC Mid-Cap Opportunities Fund,N/A,N/A,MUTUALFUND,54.6351565,15.2718427,N/A,INR,N/A,N/A,N/A,N/A,N/A,N/A,N/A,N/A,N/A,N/A,N/A,N/A,N/A,N/A,N/A,N/A,31.347023,N/A,N/A,N/A,N/A,N/A
ICICI Prudential Value Discover,N/A,N/A,MUTUALFUND,44.45101456,10.96708943,N/A,INR,N/A,N/A,N/A,N/A,N/A,N/A,N/A,N/A,N/A,N/A,N/A,N/A,N/A,N/A,N/A,N/A,23.249454,N/A,N/A,N/A,N/A,N/A
Kotak Flexicap Fund Direct Grow,N/A,N/A,MUTUALFUND,41.38323079,14.41974329,N/A,INR,N/A,N/A,N/A,N/A,N/A,N/A,N/A,N/A,N/A,N/A,N/A,N/A,N/A,N/A,N/A,N/A,35.92632,N/A,N/A,N/A,N/A,N/A
Axis Small Cap Fund Direct Grow,N/A,N/A,MUTUALFUND,44.46631818,13.20865338,N/A,INR,N/A,N/A,N/A,N/A,N/A,N/A,N/A,N/A,N/A,N/A,N/A,N/A,N/A,N/A,N/A,N/A,42.484035,N/A,N/A,N/A,N/A,N/A
SBI Multicap Fund Direct Growth,N/A,N/A,MUTUALFUND,39.96644377,11.95969848,N/A,INR,N/A,N/A,N/A,N/A,N/A,N/A,N/A,N/A,N/A,N/A,N/A,N/A,N/A,N/A,N/A,N/A,37.784115,N/A,N/A,N/A,N/A,N/A
Mirae Asset ELSS Tax Saver Fund,N/A,N/A,MUTUALFUND,39.60800205,13.16293453,N/A,INR,N/A,N/A,N/A,N/A,N/A,N/A,N/A,N/A,N/A,N/A,N/A,N/A,N/A,N/A,N/A,N/A,34.30156,N/A,N/A,N/A,N/A,N/A
UTI Flexi Cap Fund Regular Plan,N/A,N/A,MUTUALFUND,25.21370616,10.58851054,N/A,INR,N/A,N/A,N/A,N/A,N/A,N/A,N/A,N/A,N/A,N/A,N/A,N/A,N/A,N/A,N/A,N/A,43.672363,N/A,N/A,N/A,N/A,N/A
ICICI Prudential Bluechip Fund ,N/A,N/A,MUTUALFUND,40.53102313,12.20451138,N/A,INR,N/A,N/A,N/A,N/A,N/A,N/A,N/A,N/A,N/A,N/A,N/A,N/A,N/A,N/A,N/A,N/A,33.74052,N/A,N/A,N/A,N/A,N/A
Nippon India Taiwan Equity Fund,N/A,N/A,MUTUALFUND,18.26122371,27.99654268,N/A,INR,N/A,N/A,N/A,N/A,N/A,N/A,N/A,N/A,N/A,N/A,N/A,N/A,N/A,N/A,N/A,N/A,23.79768,N/A,N/A,N/A,N/A,N/A
Gold,,,Gold,12.66,18.05%,,,,,,,,,,,,,,,,,,,,,,,,
